trade_id,timestamp,arbitrage_type,net_profit_per_share,trade_size,total_net_profit,fees_paid,market_a,platform_a,side_a,avg_price_a,market_b,platform_b,side_b,avg_price_b,,,,,,,net_profit_per_share
57,2025-07-06T01:31:02.672564+00:00,same_outcome,0.1831,58,10.62,0.98,Houston vs Los Angeles (LAD),Polymarket,BUY,0.2,Houston vs Los Angeles (LAD),Kalshi,SELL,0.4,,0.026324708,,58,0.183103448,58,0.1831
133,2025-07-06T02:03:19.355195+00:00,same_outcome,0.1187,62,7.36,0.7,Houston vs Los Angeles (LAD),Polymarket,BUY,0.07,Houston vs Los Angeles (LAD),Kalshi,SELL,0.2,,,,120,0.149833333,120,0.1187
131,2025-07-06T02:03:19.292274+00:00,same_outcome,0.1092,191,20.86,2.06,Houston vs Los Angeles (LAD),Polymarket,BUY,0.07,Houston vs Los Angeles (LAD),Kalshi,SELL,0.19,,,,311,0.12488746,311,0.1092
74,2025-07-06T01:35:51.557589+00:00,same_outcome,0.109,10,1.09,0.11,Houston vs Los Angeles (HOU),Kalshi,BUY,0.82,Houston vs Los Angeles (HOU),Polymarket,SELL,0.94,,,,321,0.124392523,321,0.109
76,2025-07-06T01:35:54.032970+00:00,same_outcome,0.105,2,0.21,0.03,Houston vs Los Angeles (HOU),Kalshi,BUY,0.82,Houston vs Los Angeles (HOU),Polymarket,SELL,0.94,,,,323,0.124272446,323,0.105
77,2025-07-06T01:35:54.453498+00:00,same_outcome,0.1001,900,90.11,8.89,Houston vs Los Angeles (HOU),Kalshi,BUY,0.83,Houston vs Los Angeles (HOU),Polymarket,SELL,0.94,,,,1223,0.106500409,1223,0.1001
134,2025-07-06T02:03:19.391187+00:00,same_outcome,0.0997,201,20.03,2.08,Houston vs Los Angeles (LAD),Polymarket,BUY,0.07,Houston vs Los Angeles (LAD),Kalshi,SELL,0.18,,,,1424,0.105533708,1424,0.0997
39,2025-07-06T01:25:36.967636+00:00,same_outcome,0.096,1226,117.74,21.26,Houston vs Los Angeles (LAD),Polymarket,BUY,0.4353,Houston vs Los Angeles (LAD),Kalshi,SELL,0.5487,,,,2650,0.101139623,2650,0.096
7,2025-07-06T00:34:17.782176+00:00,same_outcome,0.0933,12,1.12,0.2,Houston vs Los Angeles (LAD),Polymarket,BUY,0.27,Houston vs Los Angeles (LAD),Kalshi,SELL,0.38,,,,2662,0.101104433,2662,0.0933
60,2025-07-06T01:31:03.033211+00:00,same_outcome,0.0932,1392,129.73,23.39,Houston vs Los Angeles (HOU),Kalshi,BUY,0.6,Houston vs Los Angeles (HOU),Polymarket,SELL,0.71,,,,4054,0.098389245,4054,0.0932
79,2025-07-06T01:35:55.031453+00:00,same_outcome,0.0906,1130.02,102.36,10.64,Houston vs Los Angeles (LAD),Polymarket,BUY,0.06,Houston vs Los Angeles (LAD),Kalshi,SELL,0.16,,,,5184.02,0.096687513,5184.02,0.0906
78,2025-07-06T01:35:54.555296+00:00,same_outcome,0.0905,100,9.05,0.95,Houston vs Los Angeles (HOU),Kalshi,BUY,0.84,Houston vs Los Angeles (HOU),Polymarket,SELL,0.94,,,,5284.02,0.096570414,5284.02,0.0905
136,2025-07-06T02:03:19.409004+00:00,same_outcome,0.0901,201,18.11,1.99,Houston vs Los Angeles (HOU),Kalshi,BUY,0.83,Houston vs Los Angeles (HOU),Polymarket,SELL,0.93,,,,5485.02,0.096333286,5485.02,0.0901
137,2025-07-06T02:03:19.430337+00:00,same_outcome,0.0901,386,34.78,3.82,Houston vs Los Angeles (HOU),Kalshi,BUY,0.83,Houston vs Los Angeles (HOU),Polymarket,SELL,0.93,,,,5871.02,0.095923707,5871.02,0.0901
73,2025-07-06T01:35:51.453889+00:00,same_outcome,0.09,12,1.08,0.12,Houston vs Los Angeles (HOU),Kalshi,BUY,0.84,Houston vs Los Angeles (HOU),Polymarket,SELL,0.94,,,,5883.02,0.095911624,5883.02,0.09
115,2025-07-06T02:03:14.301230+00:00,same_outcome,0.09,7,0.63,0.07,Houston vs Los Angeles (HOU),Kalshi,BUY,0.83,Houston vs Los Angeles (HOU),Polymarket,SELL,0.93,,,,5890.02,0.095904598,5890.02,0.09
132,2025-07-06T02:03:19.352859+00:00,same_outcome,0.09,62,5.58,0.62,Houston vs Los Angeles (HOU),Kalshi,BUY,0.83,Houston vs Los Angeles (HOU),Polymarket,SELL,0.93,,,,5952.02,0.095843092,5952.02,0.09
138,2025-07-06T02:03:19.471080+00:00,same_outcome,0.09,7,0.63,0.07,Houston vs Los Angeles (HOU),Kalshi,BUY,0.83,Houston vs Los Angeles (HOU),Polymarket,SELL,0.93,,,,5959.02,0.095836228,5959.02,0.09
59,2025-07-06T01:31:02.818196+00:00,same_outcome,0.0886,779,69.02,13.04,Houston vs Los Angeles (LAD),Polymarket,BUY,0.29,Houston vs Los Angeles (LAD),Kalshi,SELL,0.3953,,,,6738.02,0.094999718,6738.02,0.0886
3,2025-07-06T00:34:15.304754+00:00,same_outcome,0.083,10,0.83,0.17,Houston vs Los Angeles (HOU),Kalshi,BUY,0.63,Houston vs Los Angeles (HOU),Polymarket,SELL,0.73,,,,6748.02,0.094981935,6748.02,0.083
4,2025-07-06T00:34:15.362693+00:00,same_outcome,0.083,10,0.83,0.17,Houston vs Los Angeles (LAD),Polymarket,BUY,0.27,Houston vs Los Angeles (LAD),Kalshi,SELL,0.37,,,,6758.02,0.094964205,6758.02,0.083
80,2025-07-06T01:35:55.054000+00:00,same_outcome,0.0811,1130.02,91.61,10.09,Houston vs Los Angeles (HOU),Kalshi,BUY,0.85,Houston vs Los Angeles (HOU),Polymarket,SELL,0.94,,,,7888.04,0.092973666,7888.04,0.0811
75,2025-07-06T01:35:51.561861+00:00,same_outcome,0.0808,12,0.97,0.11,Houston vs Los Angeles (HOU),Kalshi,BUY,0.85,Houston vs Los Angeles (HOU),Polymarket,SELL,0.94,,,,7900.04,0.092955226,7900.04,0.0808
122,2025-07-06T02:03:15.770172+00:00,same_outcome,0.0806,299,24.09,2.82,Houston vs Los Angeles (HOU),Kalshi,BUY,0.84,Houston vs Los Angeles (HOU),Polymarket,SELL,0.93,,,,8199.04,0.092503513,8199.04,0.0806
123,2025-07-06T02:03:15.771174+00:00,same_outcome,0.0806,386,31.1,3.64,Houston vs Los Angeles (HOU),Kalshi,BUY,0.84,Houston vs Los Angeles (HOU),Polymarket,SELL,0.93,,,,8585.04,0.091966956,8585.04,0.0806
135,2025-07-06T02:03:19.391587+00:00,same_outcome,0.0805,100,8.05,0.95,Houston vs Los Angeles (HOU),Kalshi,BUY,0.84,Houston vs Los Angeles (HOU),Polymarket,SELL,0.93,,,,8685.04,0.091834925,8685.04,0.0805
6,2025-07-06T00:34:17.644461+00:00,same_outcome,0.08,2,0.16,0.04,Houston vs Los Angeles (LAD),Polymarket,BUY,0.27,Houston vs Los Angeles (LAD),Kalshi,SELL,0.37,,,,8687.04,0.091832201,8687.04,0.08
124,2025-07-06T02:03:15.892433+00:00,same_outcome,0.08,5,0.4,0.05,Houston vs Los Angeles (HOU),Kalshi,BUY,0.84,Houston vs Los Angeles (HOU),Polymarket,SELL,0.93,,,,8692.04,0.091825394,8692.04,0.08
128,2025-07-06T02:03:17.710009+00:00,same_outcome,0.08,1,0.08,0.01,Houston vs Los Angeles (HOU),Kalshi,BUY,0.84,Houston vs Los Angeles (HOU),Polymarket,SELL,0.93,,,,8693.04,0.091824034,8693.04,0.08
48,2025-07-06T01:26:04.906115+00:00,same_outcome,0.0775,409.15,31.71,6.75,Houston vs Los Angeles (LAD),Kalshi,BUY,0.38,Houston vs Los Angeles (LAD),Polymarket,SELL,0.474,,,,9102.19,0.091180254,9102.19,0.0775
61,2025-07-06T01:31:03.086890+00:00,same_outcome,0.0732,31,2.27,0.52,Houston vs Los Angeles (HOU),Kalshi,BUY,0.62,Houston vs Los Angeles (HOU),Polymarket,SELL,0.71,,,,9133.19,0.091119313,9133.19,0.0732
125,2025-07-06T02:03:17.410736+00:00,same_outcome,0.071,100,7.1,0.9,Houston vs Los Angeles (HOU),Kalshi,BUY,0.85,Houston vs Los Angeles (HOU),Polymarket,SELL,0.93,,,,9233.19,0.090901411,9233.19,0.071
127,2025-07-06T02:03:17.591375+00:00,same_outcome,0.071,100,7.1,0.9,Houston vs Los Angeles (HOU),Kalshi,BUY,0.85,Houston vs Los Angeles (HOU),Polymarket,SELL,0.93,,,,9333.19,0.090688178,9333.19,0.071
142,2025-07-06T02:03:19.490776+00:00,same_outcome,0.071,100,7.1,0.9,Houston vs Los Angeles (HOU),Kalshi,BUY,0.85,Houston vs Los Angeles (HOU),Polymarket,SELL,0.93,,,,9433.19,0.090479467,9433.19,0.071
5,2025-07-06T00:34:16.948625+00:00,same_outcome,0.0708,260,18.42,4.18,Houston vs Los Angeles (LAD),Polymarket,BUY,0.27,Houston vs Los Angeles (LAD),Kalshi,SELL,0.3569,,,,9693.19,0.089952843,9693.19,0.0708
116,2025-07-06T02:03:14.349926+00:00,same_outcome,0.07,3,0.21,0.03,Houston vs Los Angeles (LAD),Polymarket,BUY,0.07,Houston vs Los Angeles (LAD),Kalshi,SELL,0.15,,,,9696.19,0.08994667,9696.19,0.07
41,2025-07-06T01:25:37.105632+00:00,same_outcome,0.0699,1713,119.79,29.91,Houston vs Los Angeles (HOU),Kalshi,BUY,0.4759,Houston vs Los Angeles (HOU),Polymarket,SELL,0.5633,,,,11409.19,0.086941317,11409.19,0.0699
143,2025-07-06T02:03:19.550752+00:00,same_outcome,0.068,10,0.68,0.12,Houston vs Los Angeles (LAD),Polymarket,BUY,0.12,Houston vs Los Angeles (LAD),Kalshi,SELL,0.2,,,,11419.19,0.086924729,11419.19,0.068
49,2025-07-06T01:26:04.946836+00:00,same_outcome,0.0671,247.86,16.62,4.09,Houston vs Los Angeles (LAD),Kalshi,BUY,0.38,Houston vs Los Angeles (LAD),Polymarket,SELL,0.4636,,,,11667.05,0.086502586,11667.05,0.0671
50,2025-07-06T01:26:04.984668+00:00,same_outcome,0.0671,247.86,16.62,4.09,Houston vs Los Angeles (HOU),Polymarket,BUY,0.5364,Houston vs Los Angeles (HOU),Kalshi,SELL,0.62,,,,11914.91,0.086098007,11914.91,0.0671
11,2025-07-06T00:38:32.870628+00:00,same_outcome,0.0642,1895.2,121.7,33.05,Detroit vs Cleveland (CLE),Polymarket,BUY,0.3883,Detroit vs Cleveland (CLE),Kalshi,SELL,0.47,,,,13810.11,0.083094921,13810.11,0.0642
13,2025-07-06T00:38:33.070254+00:00,same_outcome,0.0625,8,0.5,0.14,Detroit vs Cleveland (DET),Kalshi,BUY,0.57,Detroit vs Cleveland (DET),Polymarket,SELL,0.65,,,,13818.11,0.083082998,13818.11,0.0625
126,2025-07-06T02:03:17.412104+00:00,same_outcome,0.0615,100,6.15,0.85,Houston vs Los Angeles (HOU),Kalshi,BUY,0.86,Houston vs Los Angeles (HOU),Polymarket,SELL,0.93,,,,13918.11,0.082927926,13918.11,0.0615
153,2025-07-06T02:05:54.639720+00:00,same_outcome,0.06,1,0.06,0.02,Texas vs San Diego (TEX),Polymarket,BUY,0.44,Texas vs San Diego (TEX),Kalshi,SELL,0.52,,,,13919.11,0.082926279,13919.11,0.06
91,2025-07-06T01:43:29.730765+00:00,same_outcome,0.0534,1410,75.28,15.19,Houston vs Los Angeles (LAD),Polymarket,BUY,0.1258,Houston vs Los Angeles (LAD),Kalshi,SELL,0.19,,,,15329.11,0.080209484,15329.11,0.0534
90,2025-07-06T01:43:29.670056+00:00,same_outcome,0.0528,1656,87.38,17.85,Houston vs Los Angeles (HOU),Kalshi,BUY,0.81,Houston vs Los Angeles (HOU),Polymarket,SELL,0.8735,,,,16985.11,0.077533793,16985.11,0.0528
141,2025-07-06T02:03:19.473989+00:00,same_outcome,0.052,100,5.2,0.8,Houston vs Los Angeles (HOU),Kalshi,BUY,0.87,Houston vs Los Angeles (HOU),Polymarket,SELL,0.93,,,,17085.11,0.077384342,17085.11,0.052
43,2025-07-06T01:25:38.673883+00:00,same_outcome,0.0504,145.05,7.31,2.54,Houston vs Los Angeles (LAD),Polymarket,BUY,0.4121,Houston vs Los Angeles (LAD),Kalshi,SELL,0.48,,,,17230.16,0.077157148,17230.16,0.0504
44,2025-07-06T01:25:38.674437+00:00,same_outcome,0.0504,145.05,7.31,2.54,Houston vs Los Angeles (HOU),Kalshi,BUY,0.52,Houston vs Los Angeles (HOU),Polymarket,SELL,0.5879,,,,17375.21,0.076933746,17375.21,0.0504
45,2025-07-06T01:25:38.777685+00:00,same_outcome,0.0493,95.05,4.68,1.67,Houston vs Los Angeles (HOU),Kalshi,BUY,0.52,Houston vs Los Angeles (HOU),Polymarket,SELL,0.5868,,,,17470.26,0.076783059,17470.26,0.0493
46,2025-07-06T01:25:38.778536+00:00,same_outcome,0.0493,95.05,4.68,1.67,Houston vs Los Angeles (LAD),Polymarket,BUY,0.4132,Houston vs Los Angeles (LAD),Kalshi,SELL,0.48,,,,17565.31,0.076634002,17565.31,0.0493
192,2025-07-06T03:03:07.548923+00:00,same_outcome,0.0492,50,2.46,0.54,Chicago vs Colorado (CWS),Polymarket,BUY,0.75,Chicago vs Colorado (CWS),Kalshi,SELL,0.81,,,,17615.31,0.076556132,17615.31,0.0492
93,2025-07-06T01:43:29.812000+00:00,same_outcome,0.047,1666,78.23,17.95,Houston vs Los Angeles (LAD),Polymarket,BUY,0.1323,Houston vs Los Angeles (LAD),Kalshi,SELL,0.19,,,,19281.31,0.073998603,19281.31,0.047
145,2025-07-06T02:03:19.572254+00:00,same_outcome,0.0432,62,2.68,0.7,Houston vs Los Angeles (LAD),Polymarket,BUY,0.1455,Houston vs Los Angeles (LAD),Kalshi,SELL,0.2,,,,19343.31,0.073899969,19343.31,0.0432
18,2025-07-06T00:38:33.890855+00:00,same_outcome,0.0431,62,2.67,1.05,Detroit vs Cleveland (DET),Kalshi,BUY,0.59,Detroit vs Cleveland (DET),Polymarket,SELL,0.65,,,,19405.31,0.073801449,19405.31,0.0431
19,2025-07-06T00:38:33.950521+00:00,same_outcome,0.043,100,4.3,1.7,Detroit vs Cleveland (DET),Kalshi,BUY,0.59,Detroit vs Cleveland (DET),Polymarket,SELL,0.65,,,,19505.31,0.073643536,19505.31,0.043
119,2025-07-06T02:03:15.732136+00:00,same_outcome,0.0426,100,4.26,0.74,Houston vs Los Angeles (HOU),Kalshi,BUY,0.88,Houston vs Los Angeles (HOU),Polymarket,SELL,0.93,,,,19605.31,0.073485194,19605.31,0.0426
120,2025-07-06T02:03:15.732523+00:00,same_outcome,0.0426,100,4.26,0.74,Houston vs Los Angeles (HOU),Kalshi,BUY,0.88,Houston vs Los Angeles (HOU),Polymarket,SELL,0.93,,,,19705.31,0.073328458,19705.31,0.0426
139,2025-07-06T02:03:19.471523+00:00,same_outcome,0.0426,100,4.26,0.74,Houston vs Los Angeles (HOU),Kalshi,BUY,0.88,Houston vs Los Angeles (HOU),Polymarket,SELL,0.93,,,,19805.31,0.073173306,19805.31,0.0426
140,2025-07-06T02:03:19.472851+00:00,same_outcome,0.0426,100,4.26,0.74,Houston vs Los Angeles (HOU),Kalshi,BUY,0.88,Houston vs Los Angeles (HOU),Polymarket,SELL,0.93,,,,19905.31,0.073019712,19905.31,0.0426
92,2025-07-06T01:43:29.791918+00:00,same_outcome,0.0414,1728,71.56,18.46,Houston vs Los Angeles (HOU),Kalshi,BUY,0.8122,Houston vs Los Angeles (HOU),Polymarket,SELL,0.8642,,,,21633.31,0.070494991,21633.31,0.0414
130,2025-07-06T02:03:18.350109+00:00,same_outcome,0.04,2,0.08,0.02,Houston vs Los Angeles (LAD),Polymarket,BUY,0.07,Houston vs Los Angeles (LAD),Kalshi,SELL,0.12,,,,21635.31,0.070492172,21635.31,0.04
189,2025-07-06T02:51:32.355079+00:00,same_outcome,0.04,13,0.52,0.13,Texas vs San Diego (SD),Polymarket,BUY,0.11,Texas vs San Diego (SD),Kalshi,SELL,0.16,,,,21648.31,0.070473861,21648.31,0.04
65,2025-07-06T01:33:14.663271+00:00,same_outcome,0.0379,2005,75.99,24.08,Houston vs Los Angeles (LAD),Polymarket,BUY,0.17,Houston vs Los Angeles (LAD),Kalshi,SELL,0.2199,,,,23653.31,0.067712722,23653.31,0.0379
28,2025-07-06T00:57:59.912204+00:00,same_outcome,0.037,10,0.37,0.13,Detroit vs Cleveland (CLE),Kalshi,BUY,0.23,Detroit vs Cleveland (CLE),Polymarket,SELL,0.28,,,,23663.31,0.067699743,23663.31,0.037
191,2025-07-06T03:03:07.514864+00:00,same_outcome,0.0358,314,11.24,3.56,Chicago vs Colorado (CWS),Polymarket,BUY,0.75,Chicago vs Colorado (CWS),Kalshi,SELL,0.7971,,,,23977.31,0.067281943,23977.31,0.0358
98,2025-07-06T01:44:36.576143+00:00,same_outcome,0.0356,55,1.96,0.66,Houston vs Los Angeles (LAD),Polymarket,BUY,0.17,Houston vs Los Angeles (LAD),Kalshi,SELL,0.2176,,,,24032.31,0.067209519,24032.31,0.0356
37,2025-07-06T01:22:16.798378+00:00,same_outcome,0.035,12,0.42,0.2,Chicago vs Colorado (CWS),Polymarket,BUY,0.32,Chicago vs Colorado (CWS),Kalshi,SELL,0.3717,,,,24044.31,0.067193444,24044.31,0.035
199,2025-07-06T03:08:52.702488+00:00,same_outcome,0.0336,69,2.32,0.44,Chicago vs Colorado (CWS),Polymarket,BUY,0.86,Chicago vs Colorado (CWS),Kalshi,SELL,0.9,,,,24113.31,0.067097383,24113.31,0.0336
9,2025-07-06T00:38:32.831248+00:00,same_outcome,0.0331,100,3.31,1.69,Detroit vs Cleveland (DET),Kalshi,BUY,0.6,Detroit vs Cleveland (DET),Polymarket,SELL,0.65,,,,24213.31,0.066956975,24213.31,0.0331
12,2025-07-06T00:38:33.030260+00:00,same_outcome,0.0331,62,2.05,1.05,Detroit vs Cleveland (DET),Kalshi,BUY,0.6,Detroit vs Cleveland (DET),Polymarket,SELL,0.65,,,,24275.31,0.066870413,24275.31,0.0331
14,2025-07-06T00:38:33.170798+00:00,same_outcome,0.0331,62,2.05,1.05,Detroit vs Cleveland (DET),Kalshi,BUY,0.6,Detroit vs Cleveland (DET),Polymarket,SELL,0.65,,,,24337.31,0.066784291,24337.31,0.0331
15,2025-07-06T00:38:33.632425+00:00,same_outcome,0.0331,62,2.05,1.05,Detroit vs Cleveland (DET),Kalshi,BUY,0.6,Detroit vs Cleveland (DET),Polymarket,SELL,0.65,,,,24399.31,0.066698607,24399.31,0.0331
16,2025-07-06T00:38:33.830321+00:00,same_outcome,0.0331,100,3.31,1.69,Detroit vs Cleveland (DET),Kalshi,BUY,0.6,Detroit vs Cleveland (DET),Polymarket,SELL,0.65,,,,24499.31,0.066561466,24499.31,0.0331
17,2025-07-06T00:38:33.874365+00:00,same_outcome,0.0331,62,2.05,1.05,Detroit vs Cleveland (DET),Kalshi,BUY,0.6,Detroit vs Cleveland (DET),Polymarket,SELL,0.65,,,,24561.31,0.06647691,24561.31,0.0331
114,2025-07-06T02:03:13.609188+00:00,same_outcome,0.0331,299,9.91,2.05,Houston vs Los Angeles (HOU),Kalshi,BUY,0.89,Houston vs Los Angeles (HOU),Polymarket,SELL,0.93,,,,24860.31,0.066076006,24860.31,0.0331
121,2025-07-06T02:03:15.733800+00:00,same_outcome,0.0331,100,3.31,0.69,Houston vs Los Angeles (HOU),Kalshi,BUY,0.89,Houston vs Los Angeles (HOU),Polymarket,SELL,0.93,,,,24960.31,0.065943893,24960.31,0.0331
129,2025-07-06T02:03:18.210127+00:00,same_outcome,0.0331,250,8.28,1.72,Houston vs Los Angeles (LAD),Polymarket,BUY,0.07,Houston vs Los Angeles (LAD),Kalshi,SELL,0.11,,,,25210.31,0.065618392,25210.31,0.0331
68,2025-07-06T01:33:15.902486+00:00,same_outcome,0.033,10,0.33,0.17,Chicago vs Colorado (COL),Kalshi,BUY,0.37,Chicago vs Colorado (COL),Polymarket,SELL,0.42,,,,25220.31,0.065605458,25220.31,0.033
99,2025-07-06T01:52:09.205035+00:00,same_outcome,0.0329,41,1.35,0.29,Houston vs Los Angeles (LAD),Kalshi,BUY,0.11,Houston vs Los Angeles (LAD),Polymarket,SELL,0.15,,,,25261.31,0.06555242,25261.31,0.0329
70,2025-07-06T01:35:50.649307+00:00,same_outcome,0.0327,1200.02,39.2,7.49,Houston vs Los Angeles (LAD),Polymarket,BUY,0.06,Houston vs Los Angeles (LAD),Kalshi,SELL,0.0989,,,,26461.33,0.064061028,26461.33,0.0327
64,2025-07-06T01:33:14.643801+00:00,same_outcome,0.0326,2299,74.84,27.11,Houston vs Los Angeles (HOU),Kalshi,BUY,0.7857,Houston vs Los Angeles (HOU),Polymarket,SELL,0.83,,,,28760.33,0.061542409,28760.33,0.0326
186,2025-07-06T02:46:05.120886+00:00,same_outcome,0.0306,2147.55,65.69,20.21,San Francisco vs Oakland (ATH),Kalshi,BUY,0.16,San Francisco vs Oakland (ATH),Polymarket,SELL,0.2,,,,30907.88,0.05939165,30907.88,0.0306
187,2025-07-06T02:46:05.219384+00:00,same_outcome,0.0306,2038,62.34,19.18,San Francisco vs Oakland (SF),Polymarket,BUY,0.8,San Francisco vs Oakland (SF),Kalshi,SELL,0.84,,,,32945.88,0.057609935,32945.88,0.0306
104,2025-07-06T02:03:09.452604+00:00,same_outcome,0.0304,995,30.26,9.83,Houston vs Los Angeles (LAD),Polymarket,BUY,0.1297,Houston vs Los Angeles (LAD),Kalshi,SELL,0.17,,,,33940.88,0.056812611,33940.88,0.0304
105,2025-07-06T02:03:09.612210+00:00,same_outcome,0.0301,1124,33.85,11.11,Houston vs Los Angeles (HOU),Kalshi,BUY,0.83,Houston vs Los Angeles (HOU),Polymarket,SELL,0.87,,,,35064.88,0.055956843,35064.88,0.0301
172,2025-07-06T02:19:32.721578+00:00,same_outcome,0.03,10,0.3,0.1,Chicago vs Colorado (CWS),Kalshi,BUY,0.83,Chicago vs Colorado (CWS),Polymarket,SELL,0.87,,,,35074.88,0.055949443,35074.88,0.03
113,2025-07-06T02:03:13.430363+00:00,same_outcome,0.0292,486,14.21,3.23,Houston vs Los Angeles (HOU),Kalshi,BUY,0.8941,Houston vs Los Angeles (HOU),Polymarket,SELL,0.93,,,,35560.88,0.055584395,35560.88,0.0292
164,2025-07-06T02:18:00.465236+00:00,same_outcome,0.0288,1197,34.51,13.41,Chicago vs Colorado (COL),Polymarket,BUY,0.1599,Chicago vs Colorado (COL),Kalshi,SELL,0.2,,,,36757.88,0.054713166,36757.88,0.0288
146,2025-07-06T02:03:20.729344+00:00,same_outcome,0.0287,62,1.78,0.7,Houston vs Los Angeles (LAD),Polymarket,BUY,0.16,Houston vs Los Angeles (LAD),Kalshi,SELL,0.2,,,,36819.88,0.05466938,36819.88,0.0287
147,2025-07-06T02:03:20.833113+00:00,same_outcome,0.0287,62,1.78,0.7,Houston vs Los Angeles (LAD),Polymarket,BUY,0.16,Houston vs Los Angeles (LAD),Kalshi,SELL,0.2,,,,36881.88,0.05462574,36881.88,0.0287
167,2025-07-06T02:18:04.264027+00:00,same_outcome,0.0275,16,0.44,0.2,Chicago vs Colorado (CWS),Kalshi,BUY,0.78,Chicago vs Colorado (CWS),Polymarket,SELL,0.82,,,,36897.88,0.054613978,36897.88,0.0275
47,2025-07-06T01:25:43.186326+00:00,same_outcome,0.027,10,0.27,0.18,Houston vs Los Angeles (LAD),Polymarket,BUY,0.515,Houston vs Los Angeles (LAD),Kalshi,SELL,0.56,,,,36907.88,0.054606496,36907.88,0.027
162,2025-07-06T02:09:57.498768+00:00,same_outcome,0.0269,49.43,1.33,0.65,Chicago vs Colorado (CWS),Polymarket,BUY,0.71,Chicago vs Colorado (CWS),Kalshi,SELL,0.75,,,,36957.31,0.054569448,36957.31,0.0269
54,2025-07-06T01:31:01.703909+00:00,same_outcome,0.0262,8,0.21,0.11,Houston vs Los Angeles (LAD),Polymarket,BUY,0.2,Houston vs Los Angeles (LAD),Kalshi,SELL,0.24,,,,36965.31,0.054563319,36965.31,0.0262
23,2025-07-06T00:43:00.221348+00:00,same_outcome,0.0256,279,7.13,4.03,Detroit vs Cleveland (CLE),Kalshi,BUY,0.29,Detroit vs Cleveland (CLE),Polymarket,SELL,0.33,,,,37244.31,0.05434602,37244.31,0.0256
24,2025-07-06T00:43:00.221903+00:00,same_outcome,0.0256,279,7.13,4.03,Detroit vs Cleveland (DET),Polymarket,BUY,0.67,Detroit vs Cleveland (DET),Kalshi,SELL,0.71,,,,37523.31,0.054131952,37523.31,0.0256
181,2025-07-06T02:43:39.628765+00:00,same_outcome,0.0243,7,0.17,0.11,Pittsburgh vs Seattle (PIT),Kalshi,BUY,0.34,Pittsburgh vs Seattle (PIT),Polymarket,SELL,0.38,,,,37530.31,0.054126385,37530.31,0.0243
182,2025-07-06T02:43:39.692104+00:00,same_outcome,0.0243,7,0.17,0.11,Pittsburgh vs Seattle (SEA),Polymarket,BUY,0.62,Pittsburgh vs Seattle (SEA),Kalshi,SELL,0.66,,,,37537.31,0.05412082,37537.31,0.0243
25,2025-07-06T00:43:00.834952+00:00,same_outcome,0.024,5,0.12,0.08,Detroit vs Cleveland (DET),Polymarket,BUY,0.67,Detroit vs Cleveland (DET),Kalshi,SELL,0.71,,,,37542.31,0.054116808,37542.31,0.024
26,2025-07-06T00:43:00.836103+00:00,same_outcome,0.024,5,0.12,0.08,Detroit vs Cleveland (CLE),Kalshi,BUY,0.29,Detroit vs Cleveland (CLE),Polymarket,SELL,0.33,,,,37547.31,0.054112798,37547.31,0.024
53,2025-07-06T01:31:01.702726+00:00,same_outcome,0.0237,8,0.19,0.11,Houston vs Los Angeles (HOU),Kalshi,BUY,0.7625,Houston vs Los Angeles (HOU),Polymarket,SELL,0.8,,,,37555.31,0.05410633,37555.31,0.0237
108,2025-07-06T02:03:11.450234+00:00,same_outcome,0.0237,386,9.14,2.44,Houston vs Los Angeles (HOU),Kalshi,BUY,0.9,Houston vs Los Angeles (HOU),Polymarket,SELL,0.93,,,,37941.31,0.053796772,37941.31,0.0237
109,2025-07-06T02:03:11.611079+00:00,same_outcome,0.0237,300,7.1,1.89,Houston vs Los Angeles (HOU),Kalshi,BUY,0.9,Houston vs Los Angeles (HOU),Polymarket,SELL,0.93,,,,38241.31,0.053560404,38241.31,0.0237
117,2025-07-06T02:03:14.392152+00:00,same_outcome,0.0237,100,2.37,0.63,Houston vs Los Angeles (HOU),Kalshi,BUY,0.9,Houston vs Los Angeles (HOU),Polymarket,SELL,0.93,,,,38341.31,0.053482523,38341.31,0.0237
118,2025-07-06T02:03:14.570967+00:00,same_outcome,0.0237,100,2.37,0.63,Houston vs Los Angeles (HOU),Kalshi,BUY,0.9,Houston vs Los Angeles (HOU),Polymarket,SELL,0.93,,,,38441.31,0.053405048,38441.31,0.0237
107,2025-07-06T02:03:11.314280+00:00,same_outcome,0.0235,62,1.46,0.4,Houston vs Los Angeles (LAD),Polymarket,BUY,0.07,Houston vs Los Angeles (LAD),Kalshi,SELL,0.1,,,,38503.31,0.053356971,38503.31,0.0235
111,2025-07-06T02:03:12.550709+00:00,same_outcome,0.0235,62,1.46,0.4,Houston vs Los Angeles (LAD),Polymarket,BUY,0.07,Houston vs Los Angeles (LAD),Kalshi,SELL,0.1,,,,38565.31,0.053309049,38565.31,0.0235
112,2025-07-06T02:03:12.551145+00:00,same_outcome,0.0235,62,1.46,0.4,Houston vs Los Angeles (HOU),Kalshi,BUY,0.9,Houston vs Los Angeles (HOU),Polymarket,SELL,0.93,,,,38627.31,0.053261281,38627.31,0.0235
8,2025-07-06T00:38:32.811291+00:00,same_outcome,0.0233,100,2.33,1.67,Detroit vs Cleveland (DET),Kalshi,BUY,0.61,Detroit vs Cleveland (DET),Polymarket,SELL,0.65,,,,38727.31,0.053183916,38727.31,0.0233
10,2025-07-06T00:38:32.849902+00:00,same_outcome,0.0233,100,2.33,1.67,Detroit vs Cleveland (DET),Kalshi,BUY,0.61,Detroit vs Cleveland (DET),Polymarket,SELL,0.65,,,,38827.31,0.05310695,38827.31,0.0233
29,2025-07-06T01:16:40.071285+00:00,same_outcome,0.023,1355.78,31.17,22.96,Chicago vs Colorado (COL),Kalshi,BUY,0.41,Chicago vs Colorado (COL),Polymarket,SELL,0.4499,,,,40183.09,0.052090817,40183.09,0.023
30,2025-07-06T01:16:40.131995+00:00,same_outcome,0.023,1355.78,31.17,22.96,Chicago vs Colorado (CWS),Polymarket,BUY,0.5501,Chicago vs Colorado (CWS),Kalshi,SELL,0.59,,,,41538.87,0.051141016,41538.87,0.023
31,2025-07-06T01:16:40.706591+00:00,same_outcome,0.023,434.78,10.02,7.37,Chicago vs Colorado (CWS),Polymarket,BUY,0.55,Chicago vs Colorado (CWS),Kalshi,SELL,0.59,,,,41973.65,0.050849998,41973.65,0.023
32,2025-07-06T01:16:40.707534+00:00,same_outcome,0.023,434.78,10.02,7.37,Chicago vs Colorado (COL),Kalshi,BUY,0.41,Chicago vs Colorado (COL),Polymarket,SELL,0.45,,,,42408.43,0.050564947,42408.43,0.023
20,2025-07-06T00:38:37.110500+00:00,same_outcome,0.0228,117,2.67,2.01,Detroit vs Cleveland (CLE),Kalshi,BUY,0.43,Detroit vs Cleveland (CLE),Polymarket,SELL,0.47,,,,42525.43,0.050488614,42525.43,0.0228
40,2025-07-06T01:25:37.066058+00:00,same_outcome,0.0223,860.05,19.22,15.03,Houston vs Los Angeles (LAD),Polymarket,BUY,0.4402,Houston vs Los Angeles (LAD),Kalshi,SELL,0.48,,,,43385.48,0.04993076,43385.48,0.0223
84,2025-07-06T01:41:18.677823+00:00,same_outcome,0.0222,256,5.68,2.56,Houston vs Los Angeles (HOU),Kalshi,BUY,0.8278,Houston vs Los Angeles (HOU),Polymarket,SELL,0.86,,,,43641.48,0.049768019,43641.48,0.0222
170,2025-07-06T02:19:30.498802+00:00,same_outcome,0.0222,32,0.71,0.31,Chicago vs Colorado (CWS),Kalshi,BUY,0.8381,Chicago vs Colorado (CWS),Polymarket,SELL,0.87,,,,43673.48,0.04974781,43673.48,0.0222
42,2025-07-06T01:25:37.165235+00:00,same_outcome,0.0221,373.05,8.25,6.52,Houston vs Los Angeles (HOU),Kalshi,BUY,0.52,Houston vs Los Angeles (HOU),Polymarket,SELL,0.5596,,,,44046.53,0.049513776,44046.53,0.0221
88,2025-07-06T01:42:34.733999+00:00,same_outcome,0.022,10,0.22,0.18,Texas vs San Diego (TEX),Polymarket,BUY,0.46,Texas vs San Diego (TEX),Kalshi,SELL,0.5,,,,44056.53,0.04950753,44056.53,0.022
102,2025-07-06T02:03:08.992608+00:00,same_outcome,0.0217,2128,46.28,19,Houston vs Los Angeles (LAD),Polymarket,BUY,0.1193,Houston vs Los Angeles (LAD),Kalshi,SELL,0.15,,,,46184.53,0.048228487,46184.53,0.0217
190,2025-07-06T03:03:05.149500+00:00,same_outcome,0.021,450.14,9.45,5.91,Chicago vs Colorado (COL),Polymarket,BUY,0.2159,Chicago vs Colorado (COL),Kalshi,SELL,0.25,,,,46634.67,0.047965602,46634.67,0.021
171,2025-07-06T02:19:32.660249+00:00,same_outcome,0.0206,600.43,12.36,5.65,Chicago vs Colorado (COL),Polymarket,BUY,0.13,Chicago vs Colorado (COL),Kalshi,SELL,0.16,,,,47235.1,0.047617556,47235.1,0.0206
33,2025-07-06T01:16:42.786488+00:00,same_outcome,0.0202,36.88,0.75,0.63,Chicago vs Colorado (COL),Kalshi,BUY,0.41,Chicago vs Colorado (COL),Polymarket,SELL,0.4473,,,,47271.98,0.047596272,47271.98,0.0202
34,2025-07-06T01:16:42.787365+00:00,same_outcome,0.0202,36.88,0.75,0.63,Chicago vs Colorado (CWS),Polymarket,BUY,0.5527,Chicago vs Colorado (CWS),Kalshi,SELL,0.59,,,,47308.86,0.047575021,47308.86,0.0202
85,2025-07-06T01:41:19.156603+00:00,same_outcome,0.0201,100,2.01,0.99,Houston vs Los Angeles (HOU),Kalshi,BUY,0.83,Houston vs Los Angeles (HOU),Polymarket,SELL,0.86,,,,47408.86,0.047517067,47408.86,0.0201
188,2025-07-06T02:46:05.260528+00:00,same_outcome,0.0201,109.55,2.2,1.09,San Francisco vs Oakland (SF),Polymarket,BUY,0.8,San Francisco vs Oakland (SF),Kalshi,SELL,0.83,,,,47518.41,0.047453818,47518.41,0.0201
56,2025-07-06T01:31:01.704960+00:00,same_outcome,0.02,8,0.16,0.1,Houston vs Los Angeles (LAD),Polymarket,BUY,0.2,Houston vs Los Angeles (LAD),Kalshi,SELL,0.2325,,,,47526.41,0.047449197,47526.41,0.02
87,2025-07-06T01:41:19.657950+00:00,same_outcome,0.02,9,0.18,0.09,Houston vs Los Angeles (HOU),Kalshi,BUY,0.83,Houston vs Los Angeles (HOU),Polymarket,SELL,0.86,,,,47535.41,0.047444,47535.41,0.02
110,2025-07-06T02:03:11.969815+00:00,same_outcome,0.02,1,0.02,0.01,Houston vs Los Angeles (LAD),Polymarket,BUY,0.07,Houston vs Los Angeles (LAD),Kalshi,SELL,0.1,,,,47536.41,0.047443423,47536.41,0.02
152,2025-07-06T02:03:36.668827+00:00,same_outcome,0.02,4,0.08,0.04,Houston vs Los Angeles (LAD),Kalshi,BUY,0.15,Houston vs Los Angeles (LAD),Polymarket,SELL,0.18,,,,47540.41,0.047441114,47540.41,0.02
94,2025-07-06T01:43:31.389798+00:00,same_outcome,0.0197,520,10.22,5.38,Houston vs Los Angeles (HOU),Kalshi,BUY,0.82,Houston vs Los Angeles (HOU),Polymarket,SELL,0.85,,,,48060.41,0.047140463,48060.41,0.0197
95,2025-07-06T01:43:31.391046+00:00,same_outcome,0.0197,520,10.22,5.38,Houston vs Los Angeles (LAD),Polymarket,BUY,0.15,Houston vs Los Angeles (LAD),Kalshi,SELL,0.18,,,,48580.41,0.046846249,48580.41,0.0197
144,2025-07-06T02:03:19.551168+00:00,same_outcome,0.0197,62,1.22,0.62,Houston vs Los Angeles (HOU),Kalshi,BUY,0.83,Houston vs Los Angeles (HOU),Polymarket,SELL,0.8597,,,,48642.41,0.04681162,48642.41,0.0197
149,2025-07-06T02:03:21.472815+00:00,same_outcome,0.0192,62,1.19,0.67,Houston vs Los Angeles (LAD),Polymarket,BUY,0.16,Houston vs Los Angeles (LAD),Kalshi,SELL,0.19,,,,48704.41,0.046776462,48704.41,0.0192
148,2025-07-06T02:03:20.890852+00:00,same_outcome,0.019,10,0.19,0.11,Houston vs Los Angeles (LAD),Polymarket,BUY,0.16,Houston vs Los Angeles (LAD),Kalshi,SELL,0.19,,,,48714.41,0.04677076,48714.41,0.019
166,2025-07-06T02:18:04.246511+00:00,same_outcome,0.0181,16,0.29,0.19,Chicago vs Colorado (CWS),Kalshi,BUY,0.79,Chicago vs Colorado (CWS),Polymarket,SELL,0.82,,,,48730.41,0.046761355,48730.41,0.0181
67,2025-07-06T01:33:15.302404+00:00,same_outcome,0.018,10,0.18,0.12,Houston vs Los Angeles (LAD),Polymarket,BUY,0.17,Houston vs Los Angeles (LAD),Kalshi,SELL,0.2,,,,48740.41,0.046755454,48740.41,0.018
103,2025-07-06T02:03:09.092675+00:00,same_outcome,0.0178,3426,60.95,30.58,Houston vs Los Angeles (HOU),Kalshi,BUY,0.85,Houston vs Los Angeles (HOU),Polymarket,SELL,0.8767,,,,52166.41,0.044853192,52166.41,0.0178
195,2025-07-06T03:03:35.765220+00:00,same_outcome,0.0176,100,1.76,1.24,Chicago vs Colorado (COL),Kalshi,BUY,0.23,Chicago vs Colorado (COL),Polymarket,SELL,0.26,,,,52266.41,0.044801049,52266.41,0.0176
55,2025-07-06T01:31:01.704531+00:00,same_outcome,0.0175,8,0.14,0.1,Houston vs Los Angeles (HOU),Kalshi,BUY,0.77,Houston vs Los Angeles (HOU),Polymarket,SELL,0.8,,,,52274.41,0.044796871,52274.41,0.0175
83,2025-07-06T01:41:17.477293+00:00,same_outcome,0.0175,4,0.07,0.05,Houston vs Los Angeles (HOU),Kalshi,BUY,0.78,Houston vs Los Angeles (HOU),Polymarket,SELL,0.81,,,,52278.41,0.044794782,52278.41,0.0175
196,2025-07-06T03:03:37.007094+00:00,same_outcome,0.0175,69,1.21,0.86,Chicago vs Colorado (COL),Kalshi,BUY,0.23,Chicago vs Colorado (COL),Polymarket,SELL,0.26,,,,52347.41,0.044758852,52347.41,0.0175
66,2025-07-06T01:33:15.161581+00:00,same_outcome,0.0174,700,12.2,7.8,Houston vs Los Angeles (HOU),Kalshi,BUY,0.8014,Houston vs Los Angeles (HOU),Polymarket,SELL,0.83,,,,53047.41,0.044398209,53047.41,0.0174
163,2025-07-06T02:15:49.991615+00:00,same_outcome,0.0173,1144.84,19.85,15.03,San Francisco vs Oakland (SF),Polymarket,BUY,0.7195,San Francisco vs Oakland (SF),Kalshi,SELL,0.75,,,,54192.25,0.043826562,54192.25,0.0173
194,2025-07-06T03:03:35.046696+00:00,same_outcome,0.017,10,0.17,0.13,Chicago vs Colorado (COL),Kalshi,BUY,0.23,Chicago vs Colorado (COL),Polymarket,SELL,0.26,,,,54202.25,0.043821613,54202.25,0.017
154,2025-07-06T02:08:03.681501+00:00,same_outcome,0.0165,257,4.25,3.38,Chicago vs Colorado (CWS),Polymarket,BUY,0.72,Chicago vs Colorado (CWS),Kalshi,SELL,0.7497,,,,54459.25,0.043692853,54459.25,0.0165
51,2025-07-06T01:26:05.048268+00:00,same_outcome,0.0162,174,2.82,2.87,Houston vs Los Angeles (HOU),Polymarket,BUY,0.5873,Houston vs Los Angeles (HOU),Kalshi,SELL,0.62,,,,54633.25,0.043605314,54633.25,0.0162
52,2025-07-06T01:26:05.048712+00:00,same_outcome,0.0162,174,2.82,2.87,Houston vs Los Angeles (LAD),Kalshi,BUY,0.38,Houston vs Los Angeles (LAD),Polymarket,SELL,0.4127,,,,54807.25,0.04351833,54807.25,0.0162
27,2025-07-06T00:57:59.409810+00:00,same_outcome,0.016,10,0.16,0.14,Detroit vs Cleveland (DET),Polymarket,BUY,0.72,Detroit vs Cleveland (DET),Kalshi,SELL,0.75,,,,54817.25,0.04351331,54817.25,0.016
63,2025-07-06T01:33:13.182887+00:00,same_outcome,0.0157,119,1.87,1.32,Houston vs Los Angeles (HOU),Kalshi,BUY,0.8032,Houston vs Los Angeles (HOU),Polymarket,SELL,0.83,,,,54936.25,0.043453093,54936.25,0.0157
176,2025-07-06T02:25:24.487073+00:00,same_outcome,0.0154,50,0.77,0.71,Chicago vs Colorado (CWS),Kalshi,BUY,0.7204,Chicago vs Colorado (CWS),Polymarket,SELL,0.75,,,,54986.25,0.043427584,54986.25,0.0154
69,2025-07-06T01:35:49.941415+00:00,same_outcome,0.015,2,0.03,0.03,Houston vs Los Angeles (HOU),Kalshi,BUY,0.74,Houston vs Los Angeles (HOU),Polymarket,SELL,0.77,,,,54988.25,0.04342655,54988.25,0.015
35,2025-07-06T01:21:13.698818+00:00,same_outcome,0.0138,99,1.37,1.69,Chicago vs Colorado (CWS),Kalshi,BUY,0.42,Chicago vs Colorado (CWS),Polymarket,SELL,0.4509,,,,55087.25,0.043373376,55087.25,0.0138
165,2025-07-06T02:18:04.205865+00:00,same_outcome,0.0136,990,13.5,11.3,Chicago vs Colorado (CWS),Kalshi,BUY,0.7949,Chicago vs Colorado (CWS),Polymarket,SELL,0.82,,,,56077.25,0.042848392,56077.25,0.0136
177,2025-07-06T02:36:02.411880+00:00,same_outcome,0.0133,20.85,0.28,0.16,Chicago vs Colorado (CWS),Polymarket,BUY,0.86,Chicago vs Colorado (CWS),Kalshi,SELL,0.881,,,,56098.1,0.042837458,56098.1,0.0133
89,2025-07-06T01:42:34.816733+00:00,same_outcome,0.013,10,0.13,0.18,Texas vs San Diego (SD),Kalshi,BUY,0.509,Texas vs San Diego (SD),Polymarket,SELL,0.54,,,,56108.1,0.04283214,56108.1,0.013
38,2025-07-06T01:22:16.798850+00:00,same_outcome,0.0126,31,0.39,0.5,Chicago vs Colorado (COL),Kalshi,BUY,0.6513,Chicago vs Colorado (COL),Polymarket,SELL,0.68,,,,56139.1,0.042815435,56139.1,0.0126
150,2025-07-06T02:03:22.512305+00:00,same_outcome,0.0124,172.96,2.14,1.82,Houston vs Los Angeles (HOU),Kalshi,BUY,0.8164,Houston vs Los Angeles (HOU),Polymarket,SELL,0.8393,,,,56312.06,0.042721932,56312.06,0.0124
151,2025-07-06T02:03:33.869852+00:00,same_outcome,0.0119,1595,19.06,14.24,Houston vs Los Angeles (LAD),Kalshi,BUY,0.15,Houston vs Los Angeles (LAD),Polymarket,SELL,0.1709,,,,57907.06,0.041874341,57907.06,0.0119
106,2025-07-06T02:03:11.313830+00:00,same_outcome,0.0113,1065,11.99,5.91,Houston vs Los Angeles (HOU),Kalshi,BUY,0.9132,Houston vs Los Angeles (HOU),Polymarket,SELL,0.93,,,,58972.06,0.041321433,58972.06,0.0113
58,2025-07-06T01:31:02.768292+00:00,same_outcome,0.0107,44,0.47,0.54,Houston vs Los Angeles (HOU),Kalshi,BUY,0.777,Houston vs Los Angeles (HOU),Polymarket,SELL,0.8,,,,59016.06,0.041298589,59016.06,0.0107
185,2025-07-06T02:45:50.461531+00:00,same_outcome,0.0107,44,0.47,0.63,San Francisco vs Oakland (ATH),Polymarket,BUY,0.26,San Francisco vs Oakland (ATH),Kalshi,SELL,0.285,,,,59060.06,0.041275779,59060.06,0.0107
86,2025-07-06T01:41:19.295845+00:00,same_outcome,0.0106,200,2.11,1.89,Houston vs Los Angeles (HOU),Kalshi,BUY,0.84,Houston vs Los Angeles (HOU),Polymarket,SELL,0.86,,,,59260.06,0.041172081,59260.06,0.0106
36,2025-07-06T01:21:13.716892+00:00,same_outcome,0.0099,69,0.68,1.18,Chicago vs Colorado (CWS),Kalshi,BUY,0.42,Chicago vs Colorado (CWS),Polymarket,SELL,0.447,,,,59329.06,0.041135659,59329.06,0.0099
174,2025-07-06T02:25:19.784347+00:00,same_outcome,0.0098,55,0.54,0.76,Chicago vs Colorado (CWS),Kalshi,BUY,0.73,Chicago vs Colorado (CWS),Polymarket,SELL,0.7536,,,,59384.06,0.041106654,59384.06,0.0098
160,2025-07-06T02:09:45.769904+00:00,same_outcome,0.0095,76,0.72,1.08,Chicago vs Colorado (COL),Kalshi,BUY,0.28,Chicago vs Colorado (COL),Polymarket,SELL,0.3037,,,,59460.06,0.041066222,59460.06,0.0095
97,2025-07-06T01:44:34.347322+00:00,same_outcome,0.0091,285,2.6,3.5,Houston vs Los Angeles (HOU),Kalshi,BUY,0.7735,Houston vs Los Angeles (HOU),Polymarket,SELL,0.7949,,,,59745.06,0.040913843,59745.06,0.0091
71,2025-07-06T01:35:50.649943+00:00,same_outcome,0.0083,715,5.94,3.39,Houston vs Los Angeles (HOU),Kalshi,BUY,0.927,Houston vs Los Angeles (HOU),Polymarket,SELL,0.94,,,,60460.06,0.040528243,60460.06,0.0083
72,2025-07-06T01:35:51.232445+00:00,same_outcome,0.008,219.98,1.76,1.04,Houston vs Los Angeles (LAD),Polymarket,BUY,0.06,Houston vs Los Angeles (LAD),Kalshi,SELL,0.0727,,,,60680.04,0.040410323,60680.04,0.008
155,2025-07-06T02:08:23.777875+00:00,same_outcome,0.0078,1359.17,10.65,0.95,Houston vs Los Angeles (HOU),Polymarket,BUY,0.9815,Houston vs Los Angeles (HOU),Kalshi,SELL,0.99,,,,62039.21,0.039696669,62039.21,0.0078
156,2025-07-06T02:08:23.856199+00:00,same_outcome,0.0078,1359.17,10.65,0.95,Houston vs Los Angeles (LAD),Kalshi,BUY,0.01,Houston vs Los Angeles (LAD),Polymarket,SELL,0.0185,,,,63398.38,0.039013615,63398.38,0.0078
161,2025-07-06T02:09:54.968712+00:00,same_outcome,0.0077,52.13,0.4,0.72,Chicago vs Colorado (COL),Kalshi,BUY,0.27,Chicago vs Colorado (COL),Polymarket,SELL,0.2916,,,,63450.51,0.038987866,63450.51,0.0077
21,2025-07-06T00:42:59.938278+00:00,same_outcome,0.0075,475.65,3.59,6.86,Detroit vs Cleveland (CLE),Kalshi,BUY,0.29,Detroit vs Cleveland (CLE),Polymarket,SELL,0.312,,,,63926.16,0.038753931,63926.16,0.0075
22,2025-07-06T00:43:00.015436+00:00,same_outcome,0.0075,475.65,3.59,6.86,Detroit vs Cleveland (DET),Polymarket,BUY,0.688,Detroit vs Cleveland (DET),Kalshi,SELL,0.71,,,,64401.81,0.038523451,64401.81,0.0075
193,2025-07-06T03:03:34.326158+00:00,same_outcome,0.0071,113,0.8,1.45,Chicago vs Colorado (COL),Kalshi,BUY,0.2401,Chicago vs Colorado (COL),Polymarket,SELL,0.26,,,,64514.81,0.038468376,64514.81,0.0071
100,2025-07-06T01:52:10.023123+00:00,same_outcome,0.0065,1535,9.97,9.68,Houston vs Los Angeles (LAD),Kalshi,BUY,0.1,Houston vs Los Angeles (LAD),Polymarket,SELL,0.1128,,,,66049.81,0.037725317,66049.81,0.0065
101,2025-07-06T01:52:10.122795+00:00,same_outcome,0.0063,1665,10.46,10.49,Houston vs Los Angeles (HOU),Polymarket,BUY,0.8874,Houston vs Los Angeles (HOU),Kalshi,SELL,0.9,,,,67714.81,0.036952182,67714.81,0.0063
1,2025-07-06T00:21:02.464526+00:00,same_outcome,0.0061,272,1.66,3.58,Houston vs Los Angeles (HOU),Polymarket,BUY,0.73,Houston vs Los Angeles (HOU),Kalshi,SELL,0.7493,,,,67986.81,0.036828761,67986.81,0.0061
169,2025-07-06T02:19:30.497844+00:00,same_outcome,0.0057,49,0.28,0.43,Chicago vs Colorado (COL),Polymarket,BUY,0.13,Chicago vs Colorado (COL),Kalshi,SELL,0.1445,,,,68035.81,0.036806352,68035.81,0.0057
62,2025-07-06T01:33:12.563572+00:00,same_outcome,0.0048,2202,10.67,23.29,Houston vs Los Angeles (LAD),Polymarket,BUY,0.17,Houston vs Los Angeles (LAD),Kalshi,SELL,0.1854,,,,70237.81,0.035804362,70237.81,0.0048
81,2025-07-06T01:37:00.987874+00:00,same_outcome,0.0047,37.51,0.18,0.4,Houston vs Los Angeles (LAD),Polymarket,BUY,0.1673,Houston vs Los Angeles (LAD),Kalshi,SELL,0.1827,,,,70275.32,0.035787813,70275.32,0.0047
175,2025-07-06T02:25:21.643346+00:00,same_outcome,0.0043,155,0.67,2.28,Chicago vs Colorado (COL),Polymarket,BUY,0.281,Chicago vs Colorado (COL),Kalshi,SELL,0.3,,,,70430.32,0.035718566,70430.32,0.0043
82,2025-07-06T01:41:17.432235+00:00,same_outcome,0.0039,4798,18.6,54.71,Houston vs Los Angeles (HOU),Kalshi,BUY,0.7952,Houston vs Los Angeles (HOU),Polymarket,SELL,0.8104,,,,75228.32,0.033687712,75228.32,0.0039
157,2025-07-06T02:08:25.614951+00:00,same_outcome,0.0036,1358.13,4.87,0.95,Houston vs Los Angeles (LAD),Kalshi,BUY,0.01,Houston vs Los Angeles (LAD),Polymarket,SELL,0.0143,,,,76586.45,0.033153906,76586.45,0.0036
158,2025-07-06T02:08:25.615685+00:00,same_outcome,0.0036,1358.13,4.87,0.95,Houston vs Los Angeles (HOU),Polymarket,BUY,0.9857,Houston vs Los Angeles (HOU),Kalshi,SELL,0.99,,,,77944.58,0.032638703,77944.58,0.0036
168,2025-07-06T02:19:26.801820+00:00,same_outcome,0.0036,535,1.93,5.69,Chicago vs Colorado (COL),Kalshi,BUY,0.1865,Chicago vs Colorado (COL),Polymarket,SELL,0.2007,,,,78479.58,0.032440795,78479.58,0.0036
173,2025-07-06T02:19:35.503597+00:00,same_outcome,0.0035,844.43,2.92,7.62,Chicago vs Colorado (COL),Polymarket,BUY,0.1394,Chicago vs Colorado (COL),Kalshi,SELL,0.1519,,,,79324.01,0.032132264,79324.01,0.0035
178,2025-07-06T02:36:53.848320+00:00,same_outcome,0.0034,56,0.19,0.69,Texas vs San Diego (SD),Polymarket,BUY,0.2111,Texas vs San Diego (SD),Kalshi,SELL,0.2268,,,,79380.01,0.032111989,79380.01,0.0034
96,2025-07-06T01:44:33.510401+00:00,same_outcome,0.0017,1222,2.03,14.24,Houston vs Los Angeles (HOU),Kalshi,BUY,0.789,Houston vs Los Angeles (HOU),Polymarket,SELL,0.8023,,,,80602.01,0.031650327,80602.01,0.0017
179,2025-07-06T02:38:04.643292+00:00,same_outcome,0.0015,2608.47,3.98,16.44,Chicago vs Colorado (COL),Kalshi,BUY,0.1,Chicago vs Colorado (COL),Polymarket,SELL,0.1078,,,,83210.48,0.030705988,83210.48,0.0015
180,2025-07-06T02:38:04.663955+00:00,same_outcome,0.0015,2608.47,3.98,16.44,Chicago vs Colorado (CWS),Polymarket,BUY,0.8922,Chicago vs Colorado (CWS),Kalshi,SELL,0.9,,,,85818.95,0.029819055,85818.95,0.0015
2,2025-07-06T00:29:26.584701+00:00,same_outcome,0.0014,446,0.62,7.17,Detroit vs Cleveland (CLE),Polymarket,BUY,0.3389,Detroit vs Cleveland (CLE),Kalshi,SELL,0.3563,,,,86264.95,0.029672074,86264.95,0.0014
183,2025-07-06T02:44:44.523735+00:00,same_outcome,0.0009,3232,3.01,14.73,Chicago vs Colorado (COL),Kalshi,BUY,0.07,Chicago vs Colorado (COL),Polymarket,SELL,0.0755,,,,89496.95,0.02863416,89496.95,0.0009
184,2025-07-06T02:44:44.622077+00:00,same_outcome,0.0008,3322,2.6,15.14,Chicago vs Colorado (CWS),Polymarket,BUY,0.9247,Chicago vs Colorado (CWS),Kalshi,SELL,0.93,,,,92818.95,0.027637352,92818.95,0.0008
159,2025-07-06T02:09:44.351080+00:00,same_outcome,0.0007,76,0.06,1.1,Chicago vs Colorado (COL),Kalshi,BUY,0.29,Chicago vs Colorado (COL),Polymarket,SELL,0.3052,,,,92894.95,0.027615387,92894.95,0.0007
197,2025-07-06T03:08:14.352184+00:00,same_outcome,0.0007,2343,1.73,23.16,Chicago vs Colorado (COL),Kalshi,BUY,0.1701,Chicago vs Colorado (COL),Polymarket,SELL,0.1807,,,,95237.95,0.026954171,95237.95,0.0007
198,2025-07-06T03:08:14.352618+00:00,same_outcome,0.0007,2343,1.73,23.16,Chicago vs Colorado (CWS),Polymarket,BUY,0.8193,Chicago vs Colorado (CWS),Kalshi,SELL,0.8299,,,,97580.95,0.026324708,97580.95,0.0007
